Supplier_Code;Etiquetas de fila;Cuenta de Invoice List
1TMAY1; INV100661TMAY1;20
1SOLO8; INV1007671SOLO8;206
1GOUR2; INV1009561GOUR2;2
6QLAR1; INV1010476QLAR1;38
1NATI1; INV10191NATI1;20
6DGLA1; INV102626DGLA1;3
1ILUM; INV102681ILUM;1
6ORN1; INV1028216ORN1;12
6BUS1; INV103296BUS1;9
6GABE1; INV1033631GABE1;23
1BEPA1; INV103721BEPA1;15
1LOP99; INV10431LOP99;5
6MCO1; INV104356MCO1;4
1TEM01; INV1048821TEM01;129
6SENT; INV105286SENT;2
1TEM01; INV1061991TEM01;6
1KERT9; INV10641KERT9;93
6DJULI; INV1068666DJULI;2
6TINIT; INV1068676TINIT;2
6MAK01; INV1068856MAK01;4
1CLAS1; INV1069181CLAS1;1
1ARAK1; INV1072841ARAK1;1
1ALB01; INV1072881ALB01;1
1CASAP; INV107561CASAP;14
6OSTE1; INV1076426OSTE1;2
6OSTE1; INV1077506OSTE1;1
1FORTA; INV1077541FORTA;3
6TRA02; INV107886TRA02;1
1STA01; INV1081921STA01;14
1PATA3; INV108321PATA3;1
1HOTX1; INV108471HOTX1;1
1PISAN; INV1084881PISAN;91
1VAM01; INV1085591VAM01;2
1TBM01; INV1085691TBM01;7
1LATA1; INV1086091LATA1;1
1BEDS1; INV1086101BEDS1;42
1AVI06; INV1088281AVI06;51
1ALMA; INV1091131ALMA;1
1MAJO1; INV1091471MAJO1;18
1RGL02; INV1092251RGL02;1
1UST01; INV1092541UST01;2
1TBM01; INV1092711TBM01;3
1RUSTI; INV109341RUSTI;2
1SUIS1; INV1093611SUIS1;129
1BRI04; INV1094091BRI04;1
1EMIRA; INV1095031EMIRA;1
6FLAS1; INV1095306FLAS1;2
1FAX01; INV1095691FAX01;2
1CRIL1; INV1095991CRIL1;1
1SIGN3; INV109611SIGN3;88
1ALA01; INV1096621ALA01;1
1CLU09; INV1101481CLU09;1
1UNI09; INV1102661UNI09;22
1NATI1; INV11031NATI1;7
1PARK3; INV1105741PARK3;2
6ROSSI; INV1106156ROSSI;8
1ALB01; INV1111601ALB01;1
1SCHDE; INV111291SCHDE;19
1SUIS1; INV1115651SUIS1;14
1SUIS1; INV1116821SUIS1;22
1HIE09; INV11171HIE09;517
6CLAMO; INV111876CLAMO;1
1SUIS1; INV1119571SUIS1;3
1TRYHT; INV1120211TRYHT;3
1CAVAN; INV1120261CAVAN;13
1MARQ2; INV1120371MARQ2;1
1AME02; INV1120981AME02;7
6GUAY1; INV112406GUAY1;191
1SOLO8; INV1126031SOLO8;184
1POSAD; INV113001POSAD;3
1ERDP1; INV113201ERDP1;15
1HIE09; INV1134191HIE09;428
1RISSO; INV1138651RISSO;1
1ILTRV; INV113871ILTRV;7
1SOLO8; INV1141951SOLO8;158
1PAT55; INV1142931PAT55;1
6CAL2; INV1145176CAL2;2
1SOLO8; INV1149581SOLO8;138
1BOR03; INV115081BOR03;8
1SOLO8; INV1155791SOLO8;182
1PIRAT; INV115611PIRAT;14
6FVI1; INV115726FVI1;15
1HIE09; INV1166051HIE09;12
1ESCON; INV1166801ESCON;11
6COMI1; INV1167206COMI1;1
1ALA01; INV1167291ALA01;1
1SPE01; INV1168171SPE01;2
6PAL01; INV11686PAL01;10
1UMATR; INV1169871UMATR;1
1UNI09; INV1170171UNI09;1
1JOUB1; INV1170571JOUB1;17
6HOTE1; INV1170636HOTE1;1
1AVISB; INV1170671AVISB;9
1BOS03; INV1170721BOS03;8
6RAEU1; INV1171656RAEU1;3
1UNI09; INV1173071UNI09;18
1TURAC; INV1173441TURAC;15
1SUIS1; INV1174301SUIS1;10
1LOSU1; INV117451LOSU1;6
1BEDS1; INV1175211BEDS1;40
1LUNAH; INV1175291LUNAH;16
6ROJ1; INV117566ROJ1;7
1MAJI1; INV1177831MAJI1;2
1LIMAT; INV1178161LIMAT;1
1VEN01; INV1180161VEN01;50
1SUIS1; INV1180721SUIS1;37
1PEN01; INV1181331PEN01;12
1BEDS1; INV1182051BEDS1;24
1BRUG1; INV1183831BRUG1;1
TRFPO; INV118406TRFPO;4
1BEPA1; INV1185491BEPA1;6
6WYNO1; INV1186576WYNO1;1
1NIR01; INV1186661NIR01;1
6TERAM; INV1187706TERAM;5
6YPF01; INV1187736YPF01;12
1AUT10; INV1187991AUT10;6
TRFPO; INV118809TRFPO;159
1VEN01; INV1188131VEN01;186
1SUIS1; INV1188471SUIS1;230
6SCO01; INV119506SCO01;152
1UMATR; INV1199011UMATR;110
1LRC01; INV1199171LRC01;2
1BEPA1; INV120301BEPA1;15
1VCAF1; INV1204051VCAF1;61
1KEN03; INV1204851KEN03;2
1MINE1; INV1205161MINE1;32
1EURO9; INV1206161EURO9;1
6MGRO1; INV1206MGRO1;6
1BRIZ2; INV1207961BRIZ2;8
1ELAN1; INV1208841ELAN1;1
1SER08; INV121081SER08;4
1LHBA1; INV1210911LHBA1;15
1ALTU8; INV1213831ALTU8;41
1ETP01; INV1216651ETP01;10
6SCO01; INV1216776SCO01;74
1REFTE; INV12181REFTE;10
1CAR10; INV121851CAR10;1
1ZAAHJ; INV12231ZAAHJ;46
1TULY1; INV1226031TULY1;10
1EXPE1; INV1227811EXPE1;18
1TEM01; INV1228001TEM01;134
1HIE09; INV1228031HIE09;11
6ESP01; INV122886ESP01;1
1TULY1; INV122971TULY1;19
6CABEN; INV12306CABEN;3
6STAM1; INV1232636STAM1;2
1SIGN3; INV1235221SIGN3;3
1LIM03; INV123811LIM03;3
1CRU04; INV1238601CRU04;2
1PONS1; INV1238801PONS1;6
1CHIM1; INV1240891CHIM1;8
1KIZE1; INV1243591KIZE1;64
1VAL88; INV1246311VAL88;1
1DES01; INV1246941DES01;15
1CHIQ2; INV1248371CHIQ2;3
1PAN05; INV1250891PAN05;6
1HOTX1; INV1256601HOTX1;2
1RIEDL; INV12571RIEDL;6
1BEPA1; INV125801BEPA1;12
6LDUN1; INV12606LDUN1;7
1CAU01; INV1262801CAU01;1
1DES01; INV1262901DES01;33
6VIAB1; INV1263216VIAB1;190
1QUE01; INV1264131QUE01;152
1MANS1; INV126691MANS1;4
6GUAY1; INV1269646GUAY1;7
1KOS01; INV1270551KOS01;5
1DCC01; INV127171DCC01;30
1INT03; INV1273031INT03;96
1DES03; INV1273241DES03;2
6DAZ02; INV127496DAZ02;9
1CAMAR; INV1281001CAMAR;4
1QUI88; INV1283061QUI88;15
1WEIP1; INV128351WEIP1;18
6DUQ01; INV128386DUQ01;1
1EURO3; INV1287061EURO3;415
1ARG11; INV128981ARG11;58
1FUEG1; INV1290461FUEG1;11
1MOR99; INV129111MOR99;6
1LUNA1; INV129131LUNA1;6
1TURAC; INV1293861TURAC;198
6NIRE2; INV130016NIRE2;2
1CYRE1; INV1307651CYRE1;13
1SUTEM; INV130811SUTEM;19
1TWOH1; INV1309331TWOH1;4
1LOSIN; INV131331LOSIN;1
6CLG1; INV131396CLG1;8
1RDC01; INV1314141RDC01;1
1ALA01; INV1316071ALA01;1
1RTA07; INV131711RTA07;4
1SUIS1; INV1317721SUIS1;122
1EURO3; INV131891EURO3;190
1VEN01; INV1320711VEN01;176
1EDE01; INV1321831EDE01;13
6BLA1; INV132246BLA1;4
1SMIT1; INV133031SMIT1;12
1ROD03; INV1336231ROD03;94
1SOLO8; INV1337701SOLO8;181
6PAU01; INV1346046PAU01;1
1ALB01; INV1346841ALB01;13
1UMATR; INV1348041UMATR;96
6SOL01; INV1348126SOL01;903
1CAMI9; INV134851CAMI9;1
1CARMA; INV134871CARMA;14
1VIALE; INV1350411VIALE;3
1MERC1; INV1351711MERC1;1
1VIALE; INV1354551VIALE;10
1GOUR1; INV1355201GOUR1;16
1SANC9; INV1355581SANC9;97
1SANC9; INV135641SANC9;168
1ROD03; INV1356671ROD03;94
1ROD03; INV1356721ROD03;1
1HIE09; INV1356891HIE09;311
1NHC01; INV1356921NHC01;9
6WILD6; INV1357996WILD6;1
1CASA5; INV136011CASA5;3
1DCC01; INV1361331DCC01;20
6VIAB1; INV1361426VIAB1;4
6VIAB1; INV1362036VIAB1;514
1SHES1; INV13621SHES1;1
1GOUR2; INV1365461GOUR2;6
1ALA01; INV1366191ALA01;5
1PEN01; INV1368571PEN01;65
1STA01; INV1368711STA01;12
6MAGE1; INV137106MAGE1;18
1MVEL1; INV13781MVEL1;7
1NHLAN; INV1382401NHLAN;49
6ORN1; INV138436ORN1;18
1BEDS1; INV1387851BEDS1;45
1BEDS1; INV1393121BEDS1;139
1ALBO1; INV1396751ALBO1;1
1MAB02; INV1397751MAB02;1
2LJU01; INV1398432LJU01;11
6MIR1; INV140086MIR1;33
1UNI09; INV1401191UNI09;49
1HUA01; INV1403001HUA01;19
1UMATR; INV1404211UMATR;2
1APGA1; INV1404871APGA1;10
1DIP88; INV140671DIP88;8
1BEDS1; INV1408361BEDS1;76
1SUIS1; INV1408701SUIS1;112
1VANG1; INV1408881VANG1;4
1LAN03; INV1410881LAN03;41
1UNI09; INV1412981UNI09;34
1LOIS2; INV141511LOIS2;2
1SUIS1; INV1415461SUIS1;10
1UMATR; INV1417411UMATR;1
1KAL04; INV1419911KAL04;35
1BEDS1; INV1420861BEDS1;102
1LAN03; INV1422501LAN03;8
1CONFI; INV142271CONFI;10
1UNI09; INV1423311UNI09;27
1QUE01; INV1434441QUE01;155
6SLA01; INV1434886SLA01;2
1POSAD; INV1437981POSAD;39
1JARD5; INV1451111JARD5;5
1JUN05; INV1461071JUN05;1
1BEPA1; INV146111BEPA1;20
1MORA2; INV146181MORA2;6
1AMEI1; INV1462641AMEI1;1
1EQUP1; INV1463091EQUP1;21
1USH03; INV1465441USH03;7
6WILL1; INV1469571WILLK;2
1DON01; INV1470861DON01;37
1THEM1; INV147301THEM1;3
6CAN01; INV147446CAN01;8
1JUCUS; INV14801JUCUS;13
1ALTI1; INV148031ALTI1;5
1TERR5; INV148101TERR5;1
1ING01; INV1485061ING01;750
1KEPI1; INV148931KEPI1;1
1EURO5; INV1494211EURO5;17
1DAZPM; INV1498431DAZPM;2
6FVI1; INV150706FVI1;3
1PAN05; INV1519481PAN05;1
1GON30; INV152211GON30;4
1NHM01; INV152761NHM01;8
1NAZ01; INV1531171NAZ01;19
1DON01; INV153151DON01;2
1CRU04; INV153581CRU04;9
1HER55; INV1544981HER55;10
6ROS1; INV15456ROS1;42
1ACE04; INV1548981ACE04;155
1VEN01; INV154991VEN01;155
1UMATR; INV155311UMATR;184
1EURO5; INV1558501EURO5;22
1LRC01; INV155931LRC01;12
1EURO3; INV1563101EURO3;910
1ANTP2; INV156661ANTP2;2
6JUL2; INV157266JUL2;6
1ANTI2; INV158121ANTI2;5
1EURO5; INV1589911EURO5;22
6CUM01; INV159076CUM01;7
1EURO3; INV1595601EURO3;228
1SIGN3; INV159621SIGN3;50
6SOL01; INV159906SOL01;437
6ASV2; INV160236ASV2;16
1EURO5; INV1602891EURO5;20
1CML01; INV160841CML01;19
1TURAC; INV1609741TURAC;193
6MOGI1; INV16166MOGI1;20
1GARPA; INV161GARPA;52
6WIN01; INV162566WIN01;2
6DAZ01; INV163006DAZ01;2
1BAH02; INV1630071BAH02;1
1DCC01; INV1630911DCC01;23
1CAN11; INV1631471CAN11;51
1EURO5; INV1637091EURO5;16
1ALB01; INV1637201ALB01;66
1DELV1; INV1637501DELV1;17
1MIC04; INV16411MIC04;23
1DELV1; INV1644741DELV1;3
1VCAF1; INV1644751VCAF1;90
1EURO3; INV1649451EURO3;114
1NHP05; INV165001NHP05;3
1SOLA9; INV165181SOLA9;1
1BUQ01; INV1651951BUQ01;8
1SALD1; INV1652721SALD1;45
1EURO3; INV1653221EURO3;128
1INT03; INV1654531INT03;127
1QUE01; INV1655741QUE01;166
6WILD6; INV166606WILD6;189
6O2IG; INV166676O2IG;3
1EURO5; INV1671571EURO5;22
1TRIP9; INV16731TRIP9;1
1CAVAN; INV167691CAVAN;13
1DONEF; INV167701DONEF;1
6NHT99; INV167756NHT99;7
1CHEL1; INV168741CHEL1;16
1EURO3; INV1688191EURO3;224
6UEN01; INV169096UEN01;1
1AZUR8; INV16921AZUR8;56
1MCTB1; INV169391MCTB1;41
6TCWL1; INV16946TCWL1;5
1PUER9; INV16951PUER9;8
1EURO5; INV1698941EURO5;49
1DELV1; INV170951DELV1;1
1HEL01; INV1716481HELS9;7
1LTAB9; INV171951LTAB9;4
1CASI7; INV172471CASI7;8
1VIR05; INV1733551VIR05;2
1TSUR1; INV173831TSUR1;14
6P40R1; INV174066P40R1;1
1ACE04; INV1744971ACE04;133
1NUBE2; INV17461NUBE2;9
1NHLAN; INV174731NHLAN;2
1IRUY2; INV17491IRUY2;16
1EURO3; INV1753781EURO3;245
1NHM07; INV177441NHM07;4
1INT03; INV1774421INT03;46
1ACE04; INV17831ACE04;53
1EURO3; INV1788681EURO3;238
1EURO3; INV1799161EURO3;244
1PAN05; INV1812601PAN05;60
NAVPO; INV18216NAVPO;4
1ALB01; INV1823061ALB01;27
6UHTU1; INV182356UHTU1;63
1KEN03; INV1829771KEN03;7
1NILO1; INV18311NILO1;29
1HIE09; INV183121HIE09;283
1BASO1; INV1831451BASO1;6
1PEN01; INV1831771PEN01;60
1EURO3; INV1833171EURO3;204
1SALD1; INV1843451SALD1;23
6ROC01; INV18436ROC01;23
1QUI88; INV1846211QUI88;1
1ELAN1; INV1850701ELAN1;3
1ROMA1; INV1851ROMA1;1
1HER66; INV18611HER66;9
1FUEG1; INV1863381FUEG1;1
1EURO3; INV1865641EURO3;239
1HLMA1; INV186581HLMA1;1
1JAN09; INV186961JAN09;42
1OTAL1; INV18751OTAL1;2
1TURAC; INV1878961TURAC;197
1EURO3; INV1883741EURO3;203
1ETP01; INV1885561ETP01;1
1TRIP9; INV1889741TRIP9;53
1EURO3; INV1894961EURO3;392
1LIB10; INV189521LIB10;78
6SLA01; INV1896056SLA01;1
1BARAV; INV189641BARAV;19
1EURO3; INV1900041EURO3;383
1ZIEG1; INV19001ZIEG1;19
6NINA1; INV190186NINA1;11
1PROZ1; INV1911PROZ1;6
1DELV1; INV1922011DELV1;3
1VCAF1; INV1925151VCAF1;92
1PEN01; INV1934031PEN01;183
1RAMIR; INV19351RAMIR;28
1EURO5; INV1936701EURO5;16
1HER66; INV1936831HER66;34
1NATI1; INV193841NATI1;11
1BABEL; INV1938941BABEL;25
1VEN01; INV194001VEN01;372
6HIB01; INV19516HIB01;32
6SCO01; INV195906SCO01;1
1MIL09; INV196111MIL09;1
1TSUR1; INV1964921TSUR1;77
1EURO5; INV1975071EURO5;22
1ROSS3; INV198231ROSS3;20
1HOTAS; INV198291HOTAS;23
1VITA1; INV199541VITA1;93
1TRIP9; INV200341TRIP9;11
1TURAC; INV2015861TURAC;124
1EURO3; INV2021771EURO3;232
6SOL01; INV202596SOL01;253
1DCC01; INV2031051DCC01;12
1ECOP1; INV2032981ECOP1;4
1ROSS3; INV203921ROSS3;54
1TANGP; INV2059621TANGP;11
6WILD6; INV206566WILD6;195
6SOL01; INV20656SOL01;21
1HOLE1; INV2072211HOLE1;2
1MINE1; INV2079151MINE1;48
6ORN1; INV208356ORN1;25
6ESTAB; INV2083816ESTAB;2
1CANE1; INV208651CANE1;1
1HER66; INV2103961HER66;224
1DAZPM; INV2111521DAZPM;3
1DUG01; INV211291DUG01;72
1ALTU8; INV2116251ALTU8;1
1LIMAT; INV2121691LIMAT;109
1EURO3; INV2123181EURO3;226
1EURO3; INV2130341EURO3;231
1TSUR1; INV2141111TSUR1;62
6SLA01; INV2142476SLA01;1139
6NAZ1; INV21426NAZ1;5
6OYA1; INV21456OYA1;40
1QUE01; INV2145941QUE01;187
6ELAO1; INV214826ELAO1;3
1EURO3; INV2150011EURO3;230
1DCC01; INV2158591DCC01;29
1EURO3; INV2159261EURO3;221
1TURAC; INV215951TURAC;53
1VERD1; INV216081VERD1;4
1HER55; INV2165771HER55;97
1RAGU1; INV216931RAGU1;3
1EURO3; INV2189821EURO3;224
1TURAC; INV2200231TURAC;196
1TANP1; INV220181TANP1;1
1MIMB1; INV2204161MIMB1;3
1RCHIN; INV2216821RCHIN;9
1PATI1; INV222121PATI1;5
1NIB01; INV222221NIB01;4
1LOSU1; INV2229071LOSU1;1
1CAN11; INV2230631CAN11;26
1VCAF1; INV2237601VCAF1;43
6ADADA; INV224006ADADA;20
1MINE1; INV2244781MINE1;23
1DAZPM; INV2245301DAZPM;6
1KOS01; INV2247281KOS01;3
1EURO3; INV2251701EURO3;217
1GOUR1; INV2254571GOUR1;14
1EURO3; INV2260471EURO3;239
1TEM01; INV22641TEM01;146
1LOSPO; INV226471LOSPO;2
1HER66; INV2268111HER66;33
1ALTU8; INV2274211ALTU8;8
1EDE01; INV2282001EDE01;2
1PEPE1; INV230561PEPE1;18
1VHUI2; INV23201VHUI2;26
1SALD1; INV2320631SALD1;79
1VEN01; INV232771VEN01;164
1LIMAT; INV2333031LIMAT;58
1BUQ01; INV2338381BUQ01;3
1PALO1; INV235041PALO1;3
1DELH1; INV2356101DELH1;2
1UMATR; INV23571UMATR;207
1EST01; INV2362371EST01;1
1EURO5; INV2363511EURO5;20
1EURO5; INV2366761EURO5;20
1RDC01; INV2376641RDC01;1
1TURAC; INV2377251TURAC;183
1CHAVE; INV23881CHAVE;5
6WILD6; INV23916WILD6;3
1QUE01; INV2394401QUE01;193
6MOGI1; INV241136MOGI1;34
1PEN01; INV2415811PEN01;172
1BIST1; INV2417641BIST1;1
6QLAR1; INV2425336QLAR1;22
6QLAR1; INV2427176QLAR1;11
1VCAF1; INV243061VCAF1;28
1TSUR1; INV243671TSUR1;5
1QUI10; INV244131QUI10;3
1EURO3; INV2453781EURO3;197
1HIE09; INV246071HIE09;270
1BUQ01; INV2464951BUQ01;3
1RDC01; INV2471861RDC01;1
1ALA01; INV2478221ALA01;5
1NATI1; INV248001NATI1;8
1EURO3; INV2480211EURO3;226
1BIST1; INV2480781BIST1;5
1UMATR; INV248141UMATR;229
1LIMAT; INV2482961LIMAT;29
1CCAN1; INV248321CCAN1;43
1MCTB1; INV249631MCTB1;81
6INK01; INV249776INK01;1
1AUG01; INV249791AUG01;2
1LAN03; INV2498601LAN03;7
6MARO1; INV24996MARO1;28
1SUIS1; INV2501821SUIS1;40
1PHOC1; INV2511101PHOC1;4
6PEP01; INV2512216PEP01;4
1CHIE9; INV251531CHIE9;18
1CAUP1; INV2515751CAUP1;18
1EURO5; INV2516251EURO5;1
6SOL01; INV252226SOL01;203
6BELA1; INV252316BELA1;69
1ESTA3; INV25231ESTA3;7
6WILD6; INV253956WILD6;194
1ING01; INV2570201ING01;608
1NEU04; INV2572341NEU04;1
1VIO01; INV2574651VIO01;2
1LOSU1; INV2576701LOSU1;1
1PAT55; INV2577151PAT55;3
1PAT55; INV2577551PAT55;6
1ALB01; INV2590801ALB01;1
1ACE04; INV2591071ACE04;3
1SOLO8; INV2591521SOLO8;193
1CPHO1; INV2592391CPHO1;1
1KAU07; INV2592461KAU07;1
1VHUI2; INV2592691VHUI2;1
1HER55; INV2592791HER55;13
1MIC01; INV259821MIC01;3
1BAH02; INV2601711BAH02;1
1LIMAT; INV2602141LIMAT;5
1TSUR1; INV2605501TSUR1;9
1AUT12; INV2606301AUT12;2
1UNI09; INV2608811UNI09;14
1DES01; INV2610221DES01;2
1ALL99; INV2610671ALL99;2
1SANC9; INV261711SANC9;143
1UNI09; INV2619151UNI09;50
1BEDS1; INV2620271BEDS1;28
1LAN03; INV2622281LAN03;19
1SKY04; INV2626921SKY04;6
1LIMAT; INV2627731LIMAT;60
1PAT55; INV263931PAT55;5
1EURO1; INV2639321EURO1;600
1UNI09; INV2642351UNI09;61
1BEDS1; INV2647271BEDS1;64
1LAN03; INV2647591LAN03;42
1MIOT1; INV2647941MIOT1;3
1LIMAT; INV2650231LIMAT;183
1LDU02; INV2652321LDU02;1
1RIE99; INV26531RIE99;52
6KER01; INV265396KER01;1
1EXPE1; INV2655411EXPE1;1
1JAR02; INV2658641JAR02;1
1KOS01; INV2658701KOS01;1
1BEDS1; INV2661211BEDS1;85
1LAN03; INV2661901LAN03;39
1CAS99; INV2661CAS99;3
1ELNE1; INV2665541ELNE1;2
1UNI09; INV2669681UNI09;111
1BEDS1; INV2669941BEDS1;11
1OTAL1; INV267011OTAL1;19
1EURO1; INV2670251EURO1;213
1ARI10; INV2670291ARI10;2
1LAN03; INV2670321LAN03;61
1CATC1; INV2672911CATC1;4
6MALDE; INV267706MALDE;23
1AME10; INV26771AME10;4
1ALB01; INV2677261ALB01;56
1SURL1; INV2680181SURL1;1
1VAL99; INV2681211VAL99;1
1ALDEA; INV2681221ALDEA;20
1UNI09; INV2690011UNI09;110
1VAL99; INV2701061VAL99;19
1TURAC; INV270211TURAC;114
1MERI1; INV2704171MERI1;1
1VEDES; INV2704181VEDES;1
1GRECE; INV2704191GRECE;1
1TRP09; INV2704691TRP09;1
1LASF1; INV270621LASF1;1
1EURO1; INV2707511EURO1;486
1UNI09; INV2711861UNI09;102
1EDEPS; INV271221EDEPS;19
1EURO1; INV2712431EURO1;192
1EURO1; INV2713851EURO1;763
1LAN03; INV2716951LAN03;29
1ACE03; INV2718101ACE03;20
6SCO01; INV271876SCO01;11
1EURO1; INV2719331EURO1;1088
1LAN03; INV2722831LAN03;3
1DAZPM; INV2723901DAZPM;2
1DAZPM; INV2727471DAZPM;1
1KIZE1; INV2729881KIZE1;1
1WTM1; INV2734871WTM1;1
1MDQ01; INV274051MDQ01;31
1LAN03; INV2740671LAN03;2
1SUIS1; INV2744391SUIS1;21
1UNI09; INV2746331UNI09;63
1UMATR; INV2749891UMATR;25
1SUIS1; INV2751121SUIS1;10
1ZACA1; INV275221ZACA1;2
1LAN03; INV2754101LAN03;36
1GATE1; INV2758021GATE1;1
6SOL01; INV275806SOL01;258
1EURO1; INV2758551EURO1;216
1BEDS1; INV2760601BEDS1;23
1WINE2; INV276351WINE2;4
1SEN01; INV2765821SEN01;66
1SET01; INV2768141SET01;20
1SET01; INV2768241SET01;5
1AUTOT; INV2770041AUTOT;4
1QUE01; INV2773351QUE01;186
1LAN03; INV2783121LAN03;11
1EURO1; INV2783291EURO1;49
1TSUR1; INV2786681TSUR1;96
1SANC9; INV27881SANC9;124
1EURO1; INV2790941EURO1;191
1ING01; INV2791731ING01;198
1EURO1; INV2792441EURO1;190
1EURO1; INV2797301EURO1;97
1NHM01; INV2799601NHM01;41
1EURO1; INV2803701EURO1;193
1QUE01; INV2804151QUE01;165
1EURO1; INV2808001EURO1;200
1EURO1; INV2810601EURO1;195
1ING01; INV2814921ING01;198
1EURO1; INV2818011EURO1;177
1ING01; INV2826161ING01;195
1EURO1; INV2826251EURO1;193
1LAGAR; INV2829851LAGAR;61
1EURO1; INV2834931EURO1;198
1ING01; INV2837241ING01;202
1JARD5; INV2837911JARD5;6
1EURO1; INV2840821EURO1;100
1ING01; INV2843881ING01;202
1EURO9; INV2848231EURO9;175
1ING01; INV2848731ING01;199
1EURO1; INV2850721EURO1;192
1MINE1; INV2853431MINE1;113
1EURO1; INV2857891EURO1;186
1STA01; INV2857991STA01;137
1EURO1; INV2862761EURO1;191
1EURO9; INV2867521EURO9;185
6HOUS1; INV286766HOUS1;527
1ZEN01; INV2871381ZEN01;20
1EURO1; INV2872221EURO1;19
1EURO1; INV2873561EURO1;98
6WILD6; INV28736WILD6;2
1ING01; INV2875191ING01;200
1ING01; INV2876961ING01;197
1CUEN1; INV2880451CUEN1;61
1EURO1; INV2881291EURO1;199
1EURO1; INV2882151EURO1;191
6SENT; INV28856SENT;1
1EURO1; INV2887381EURO1;146
1EURO1; INV2889321EURO1;191
1LRC01; INV2899171LRC01;162
1ALA01; INV2899781ALA01;93
1EURO1; INV2900061EURO1;186
1LOSU1; INV2902301LOSU1;6
1EURO1; INV2906171EURO1;182
1SALD1; INV2907241SALD1;119
1SOLO8; INV290801SOLO8;291
1ELAN1; INV2908461ELAN1;2
1CAST9; INV29111CAST9;20
1EURO1; INV2913181EURO1;178
1AMEI1; INV2916291AMEI1;2
1QUI88; INV2927991QUI88;1
1ING01; INV2931171ING01;215
6SOL01; INV293536SOL01;240
1TRE02; INV29361TRE02;19
1GARD9; INV2937201GARD9;28
1LEV09; INV29391LEV09;72
1EURO1; INV2940081EURO1;186
1PENI3; INV29401PENI3;3
1ING01; INV2942161ING01;212
6ELA02; INV29526ELA02;10
1ING01; INV2953111ING01;226
1CUM02; INV29531CUM02;5
1EURO1; INV2959661EURO1;394
1PEN01; INV2966221PEN01;168
1EURO1; INV2966641EURO1;578
1ING01; INV2977171ING01;34
1PAT55; INV2979991PAT55;1
1INT03; INV2997791INT03;23
1ING01; INV3005001ING01;291
6SCO01; INV300696SCO01;46
6RSH01; INV301036RSH01;9
6SOL01; INV30116SOL01;68
1EST01; INV3020331EST01;5
1ING01; INV3020651ING01;429
1ING01; INV3025081ING01;506
1ING01; INV3025741ING01;471
1QUE01; INV3032351QUE01;192
1INT03; INV3037671INT03;48
1TURAC; INV303961TURAC;192
1TECO1; INV304181TECO1;3
1EURO1; INV3045871EURO1;231
1DCC01; INV3060111DCC01;149
1EURO1; INV3067571EURO1;388
1INT03; INV3068431INT03;99
1SERT9; INV30741SERT9;64
1CRU04; INV30841CRU04;51
1ING01; INV3086201ING01;125
1BUQ01; INV308911BUQ01;3
1ING01; INV3090171ING01;239
1JAR02; INV3094661JAR02;77
1EURO1; INV3098871EURO1;149
1EURO1; INV3100591EURO1;196
1MOON3; INV3101211MOON3;14
6PAU01; INV311446PAU01;62
6LIB01; INV31166LIB01;60
1ING01; INV3132841ING01;298
1MIC09; INV3134571MIC09;1
1AUTOT; INV3134611AUTOT;2
1CAN11; INV3135161CAN11;122
1MINE1; INV3137171MINE1;122
1LRC01; INV3137591LRC01;121
1TAPI1; INV3138681TAPI1;38
1LOSU1; INV3140371LOSU1;1
1VCAF1; INV3144941VCAF1;97
1ALB01; INV3147241ALB01;68
1ING01; INV3153701ING01;243
6WILD6; INV316166WILD6;461
1ING01; INV3164191ING01;13
1BEPA1; INV316901BEPA1;4
1PEN01; INV317031PEN01;55
1ING01; INV3177551ING01;766
1ING01; INV3181631ING01;555
1TSUR1; INV3213041TSUR1;97
1BIS04; INV3215221BIS04;5
1LUC03; INV3227681LUC03;2
1EURO3; INV323451EURO3;17
1SANC9; INV324921SANC9;12
6CON01; INV325006CON01;8
6AMIA1; INV325026AMIA1;3
1RDC01; INV3251331RDC01;1
6NH9JU; INV32616NH9JU;1
1ING01; INV3263661ING01;790
6MAC1; INV3266MAC1;20
1DCC01; INV3281111DCC01;161
1JAR02; INV3281201JAR02;74
1VAL88; INV3283021VAL88;2
6IRA01; INV329456IRA01;1
1EURO1; INV3302741EURO1;193
6TROT1; INV330436TROT1;3
1AVI06; INV330461AVI06;13
1PFM01; INV330951PFM01;20
1VCAF1; INV3316711VCAF1;81
1SORI2; INV331891SORI2;22
6RIT02; INV332006RIT02;2
6CASI4; INV332236CASI4;14
1MANS9; INV332741MANS9;1
1ACE04; INV3327821ACE04;84
1GAT01; INV332841GAT01;1
1CAN11; INV3330621CAN11;140
1ETP01; INV3333611ETP01;1
1ING01; INV3338361ING01;687
1ZIEG1; INV33441ZIEG1;20
6GABE1; INV33491GABE1;18
1VITEL; INV3357061VITEL;5
1JARD5; INV3357931JARD5;1
1PEN01; INV3365051PEN01;166
1BUQ01; INV337091BUQ01;3
1AUTOB; INV337171AUTOB;1
1KAIK3; INV337461KAIK3;15
1HER66; INV3374641HER66;65
1INT03; INV3379601INT03;196
6CHCA1; INV338306CHCA1;4
1LDU02; INV3390011LDU02;97
1IMME1; INV339771IMME1;3
6VEN01; INV33996VEN01;5
6WILD6; INV341066WILD6;3
1ING01; INV3435021ING01;757
1DCC01; INV3455911DCC01;179
1JAR02; INV3465641JAR02;1
1JAR02; INV3469191JAR02;6
1LRC01; INV3481681LRC01;138
1YAMIL; INV3491YAMIL;26
1ACE04; INV3496311ACE04;182
1CAN11; INV3496681CAN11;156
1BAH02; INV3497681BAH02;1
1MINE1; INV3499821MINE1;63
6BOD01; INV349996BOD01;3
1SALD1; INV3503661SALD1;97
6WILD6; INV352036WILD6;4
1UMATR; INV352131UMATR;205
1QUI88; INV3525711QUI88;5
6SOL01; INV352806SOL01;197
1QUE01; INV3535121QUE01;170
1PEN01; INV3547321PEN01;181
1EDE01; INV3577881EDE01;185
1PUEBO; INV358761PUEBO;1
1CAB12; INV358771CAB12;1
1DCC01; INV3591931DCC01;118
6CEL1; INV359586CEL1;1
1PATAG; INV359691PATAG;1
1CHAL1; INV360021CHAL1;2
1MINE1; INV3603751MINE1;60
1HER66; INV361281HER66;9
1MERI2; INV3616671MERI2;1
1EXPE1; INV362731EXPE1;32
GALA3; INV36286GALA3;17
1QUE01; INV3635471QUE01;174
6LAEX1; INV364666LAEX1;3
1VCAF1; INV3654311VCAF1;76
1TRIP9; INV366491TRIP9;117
1CAN11; INV3683281CAN11;126
1ALTI3; INV368361ALTI3;1
1ALB01; INV3693211ALB01;39
1ELM01; INV3696191ELM01;2
1REUSH; INV37051REUSH;8
1TUTI1; INV37091TUTI1;17
1PARK3; INV371111PARK3;7
1GRANC; INV371201GRANC;3
1QUI88; INV3715351QUI88;2
1TAPI2; INV373231TAPI2;20
1INT03; INV3741INT03;23
1ALTU8; INV3756631ALTU8;2
1EURO3; INV3772291EURO3;752
1BAH02; INV377581BAH02;3
6DELN1; INV377596DELN1;2
1EURO1; INV3777821EURO1;199
1CURCU; INV377911CURCU;26
1VAL88; INV3790421VAL88;2
1EURO3; INV380011EURO3;244
1TURAC; INV3812991TURAC;92
1CAN11; INV381301CAN11;20
1HER55; INV3821451HER55;14
1ACE04; INV3826591ACE04;174
6HAN01; INV384826HAN01;2
6VALT1; INV385066VALT1;4
1KUAR1; INV385641KUAR1;5
6SAGA1; INV385696SAGA1;1
1PIEGA; INV386001PIEGA;4
1TURAC; INV3865051TURAC;575
6CFA1; INV386CFA1;8
1EURO1; INV3882931EURO1;1808
1PAN05; INV3883241PAN05;113
1CAN11; INV3883961CAN11;88
6DIE01; INV388396DIE01;1
1ALB01; INV3884721ALB01;56
1ALA01; INV3885911ALA01;2
1EURO1; INV3905341EURO1;189
1DES03; INV3906541DES03;188
1DCC01; INV3906581DCC01;184
1EURO1; INV3907671EURO1;194
1ING01; INV3912521ING01;189
1EURO1; INV3916351EURO1;196
6GUAY1; INV392656GUAY1;30
1ING01; INV3927251ING01;186
1EURO1; INV3928351EURO1;195
1BUQ01; INV3936041BUQ01;78
1MERC1; INV393871MERC1;70
1EURO1; INV3941521EURO1;198
1EURO1; INV3948921EURO1;182
1EURO1; INV3950921EURO1;190
1CAN10; INV3951CAN10;11
1DUB88; INV395491DUB88;154
1EURO1; INV3961201EURO1;191
1DELO1; INV396451DELO1;15
1PARD2; INV396461PARD2;1
1EURO1; INV3968171EURO1;183
1EURO1; INV3969731EURO1;189
1KOS01; INV397021KOS01;3
1ESSO2; INV397521ESSO2;1
1EURO1; INV3980441EURO1;196
TRFPO; INV39805TRFPO;149
1ING01; INV3980671ING01;199
1EURO1; INV3982181EURO1;183
1EURO1; INV3989971EURO1;164
1EURO1; INV3990491EURO1;151
1EURO1; INV3992031EURO1;192
1EURO1; INV4000891EURO1;186
1EST01; INV4002201EST01;3
1ING01; INV4004681ING01;198
1EURO1; INV4006801EURO1;168
1EURO1; INV4012241EURO1;173
1HUE99; INV401391HUE99;4
1EURO1; INV4014431EURO1;196
1EURO1; INV4014901EURO1;189
1BUQ01; INV4019431BUQ01;82
1EURO1; INV4020211EURO1;185
1DCC01; INV4022061DCC01;145
1EURO1; INV4026261EURO1;189
1ING01; INV4028241ING01;215
1EURO1; INV4028791EURO1;198
1EURO1; INV4038131EURO1;25
1EURO1; INV4040601EURO1;191
1EURO1; INV4048691EURO1;192
1ING01; INV4049511ING01;195
1ING01; INV4052081ING01;192
1EURO1; INV4057791EURO1;128
1ING01; INV4058541ING01;187
1EURO1; INV4060891EURO1;187
1STA01; INV4063341STA01;194
1ING01; INV4064521ING01;190
1ATI01; INV4068941ATI01;52
1DONA2; INV4069591DONA2;15
1EURO1; INV4077301EURO1;185
1EURO1; INV4078091EURO1;191
1EURO1; INV4078971EURO1;25
1EURO1; INV4084471EURO1;205
1ING01; INV4089411ING01;194
1EURO1; INV4094181EURO1;183
1EURO1; INV4095201EURO1;190
1EURO1; INV4095211EURO1;213
1EURO1; INV4100291EURO1;205
1ING01; INV4100471ING01;200
1SOLDA; INV4102951SOLDA;1
1SIGN3; INV410491SIGN3;90
1EURO1; INV4108281EURO1;189
1ING01; INV4115241ING01;199
1EURO1; INV4118471EURO1;180
1ING01; INV4120441ING01;203
1TAPI1; INV4121861TAPI1;34
1EURO1; INV4123291EURO1;186
1VCAF1; INV4126211VCAF1;70
1EURO1; INV4126241EURO1;194
1EURO1; INV4134081EURO1;198
1EURO1; INV4136351EURO1;195
1ARGPO; INV414021ARGPO;2
1EURO1; INV4141951EURO1;204
1JARD5; INV4143971JARD5;3
1EXPED; INV4144851EXPED;38
1EURO1; INV4147041EURO1;209
1EURO1; INV4149391EURO1;202
1EURO1; INV4159451EURO1;211
1AME10; INV4163301AME10;192
1EURO1; INV4164311EURO1;207
1VEN01; INV416471VEN01;286
1ING01; INV4168761ING01;244
1AME10; INV4168811AME10;195
1HOWPA; INV4179891HOWPA;3
1ING01; INV4186121ING01;155
1ING01; INV4191811ING01;337
1HIE09; INV419231HIE09;42
1OCEAN; INV419681OCEAN;1
1TIE01; INV420061TIE01;8
1ING01; INV4204061ING01;381
6CHOI1; INV421086CHOI1;4
1ING01; INV4214391ING01;61
1EURO1; INV4216541EURO1;243
1ARGO1; INV422591ARGO1;12
1PAN05; INV42351PAN05;136
1PDHE1; INV42451PDHE1;20
1LRC01; INV428621LRC01;42
1TURAC; INV42931TURAC;196
1ALA01; INV4304001ALA01;1
1BUQ01; INV4304741BUQ01;55
6WILD6; INV430566WILD6;70
1STA01; INV4306371STA01;81
6GUAY1; INV430686GUAY1;74
1ALD06; INV432781ALD06;1
1TRIP9; INV433541TRIP9;1
1HER55; INV4335761HER55;44
1HER66; INV4336201HER66;41
6VIAB1; INV4336VIAB1;4
1INT03; INV4339941INT03;159
1PEN01; INV4342591PEN01;187
1ING01; INV4347861ING01;184
1ING01; INV4348021ING01;185
1SOCO1; INV4356751SOCO1;3
1MAR88; INV4360521MAR88;2
1LAST2; INV43691LAST2;2
1ADOB2; INV4372671ADOB2;4
6SCO01; INV439126SCO01;97
1POT03; INV4395951POT03;2
1SCH05; INV4397881SCH05;21
1ING01; INV4421771ING01;196
6ROS01; INV442276ROS01;2
1TURAC; INV442311TURAC;154
6CST1; INV442706CST1;5
1EXPE1; INV4428381EXPE1;4
1JUN05; INV442841JUN05;21
1ALA01; INV4435641ALA01;1
1MINE1; INV4435881MINE1;67
6GHIVA; INV444716GHIVA;1
1HER55; INV4455931HER55;55
1SALD1; INV446431SALD1;34
1TSUR1; INV4469971TSUR1;95
1SEJZ1; INV44811SEJZ1;2
6MERI1; INV44846MERI1;35
1PEN01; INV4489351PEN01;178
1HEL01; INV4493871HELS9;2
1ETP01; INV450581ETP01;82
1FANT1; INV4516061FANT1;3
1HER55; INV4517921HER55;2
1UMATR; INV453261UMATR;191
1ALA01; INV4534971ALA01;1
6NHT99; INV4536NHT99;11
1PABR2; INV453821PABR2;66
6SOL01; INV453876SOL01;56
1KOS01; INV4541211KOS01;1
1DAZPM; INV4551931DAZPM;2
1MIC09; INV4552821MIC09;1
1HER66; INV4553541HER66;57
1FUEG1; INV4554981FUEG1;1
1ALTU8; INV4560711ALTU8;1
1TSUR1; INV4561631TSUR1;65
1ING01; INV4581091ING01;200
1HOTX1; INV458351HOTX1;3
6WILL1; INV4584521WILLK;4
1PEPE1; INV45871PEPE1;19
1SOLO8; INV460141SOLO8;185
1PEN01; INV4605971PEN01;178
1SIE88; INV46061SIE88;1
1UMATR; INV4611691UMATR;581
1YVY01; INV46151YVY01;5
1VIL03; INV4617551VIL03;3
6WILD6; INV461906WILD6;123
1KOS01; INV4621111KOS01;1
1MIC09; INV4626021MIC09;2
1TOL02; INV462851TOL02;50
1BUQ01; INV4630621BUQ01;7
1CAN11; INV464091CAN11;1
6PADV2; INV464196PADV2;1
1QUE01; INV4644161QUE01;183
1UMATR; INV4651921UMATR;8
1HER66; INV4654011HER66;45
6MOGI1; INV466056MOGI1;35
1QUE01; INV467181QUE01;174
1ING01; INV4676411ING01;189
1QUE01; INV4683571QUE01;169
6WILL1; INV4698391WILLK;6
1BAH02; INV4714351BAH02;1
1NATI1; INV47191NATI1;15
1ENCIE; INV47201ENCIE;1
1MINE1; INV4720371MINE1;46
1INT03; INV4721731INT03;100
1QUE01; INV4727461QUE01;181
1QUI88; INV472891QUI88;25
1EURO1; INV4729391EURO1;187
1HER55; INV472941HER55;2
1ALB01; INV4732351ALB01;108
1EURO1; INV4734641EURO1;190
1INT03; INV4734911INT03;155
1ING01; INV4736401ING01;192
1EURO1; INV4739971EURO1;187
1EURO1; INV4740671EURO1;189
1SALD1; INV4743911SALD1;95
1ING01; INV4756841ING01;186
1INT03; INV475701INT03;92
6HOUS1; INV475716HOUS1;87
1TAPI1; INV4757331TAPI1;24
1EURO1; INV4758041EURO1;199
1QUE01; INV4765851QUE01;167
1ING01; INV4766891ING01;189
1EURO1; INV4768011EURO1;189
1MINE1; INV477181MINE1;42
1ALA01; INV4773591ALA01;157
6JAR01; INV4776JAR01;5
1DUB88; INV4781DUB88;11
1EURO1; INV4785201EURO1;192
1ING01; INV4789441ING01;185
1EURO1; INV4790731EURO1;182
1EURO1; INV4798321EURO1;197
1EURO1; INV4802271EURO1;192
1EURO1; INV4807781EURO1;192
1ING01; INV4809581ING01;192
1EURO1; INV4813301EURO1;192
1EURO1; INV4819311EURO1;199
1ING01; INV4820051ING01;196
1PIEGC; INV482281PIEGC;8
1EURO1; INV4824951EURO1;198
1ING01; INV4827581ING01;189
1EURO1; INV4834471EURO1;187
1ING01; INV4835331ING01;191
1ING01; INV4836751ING01;197
1EURO1; INV4840671EURO1;197
1NHC01; INV484331NHC01;36
6REST7; INV4846REST7;20
1ING01; INV4853381ING01;195
1EURO1; INV4855901EURO1;192
1EURO1; INV4857301EURO1;193
1EURO1; INV4859361EURO1;195
1EURO1; INV4860061EURO1;190
1INT03; INV4869981INT03;174
1EURO1; INV4871011EURO1;189
1ING01; INV4873081ING01;200
1JARD5; INV4873751JARD5;1
1ING01; INV4876351ING01;195
1MAENA; INV488211MAENA;8
1VCAF1; INV4883201VCAF1;63
1JUL01; INV488591JUL01;11
1EURO1; INV4885951EURO1;194
1ING01; INV4888951ING01;198
6PAIM1; INV490196PAIM1;1
1ACO01; INV490211ACO01;1
1EURO1; INV4905961EURO1;194
1EURO1; INV4906931EURO1;190
6MIR1; INV49076MIR1;20
1EURO1; INV4909971EURO1;197
6SOL01; INV492056SOL01;5
1PAN05; INV4924441PAN05;197
1EURO1; INV4926971EURO1;191
1EURO1; INV4933731EURO1;186
1ING01; INV4940661ING01;192
6ALEX1; INV494286ALEX1;2
6SBW01; INV494726SBW01;3
1EURO1; INV4950071EURO1;192
6ESPA1; INV495196ESPA1;3
1ING01; INV4956681ING01;198
1HER55; INV495961HER55;4
1EDE01; INV4962941EDE01;92
1ING01; INV4963581ING01;198
1EURO1; INV4967331EURO1;186
1TULY1; INV4969331TULY1;124
1PAT07; INV497041PAT07;1
1LAN03; INV4971431LAN03;28
1QUE01; INV4974751QUE01;181
1EURO1; INV4975191EURO1;176
1BRIZ2; INV49751BRIZ2;90
1EURO1; INV4977841EURO1;188
1EST01; INV498091EST01;4
1EURO1; INV4982111EURO1;170
1AME10; INV4984281AME10;190
1MINE1; INV4985161MINE1;160
6WILD6; INV498676WILD6;220
6JETS1; INV498956JETS1;1
1ING01; INV4991931ING01;198
1ING01; INV4994281ING01;201
1EURO1; INV4996601EURO1;200
1EURO1; INV5000111EURO1;181
1EURO1; INV5005771EURO1;185
1ING01; INV5008441ING01;196
1ALTU8; INV501011ALTU8;62
1EURO1; INV5018351EURO1;193
1EURO1; INV5021601EURO1;53
1EURO1; INV5025171EURO1;170
1LOSU1; INV50261LOSU1;38
1DAZPM; INV502681DAZPM;22
1EURO1; INV5037691EURO1;190
1BIST1; INV5043431BIST1;34
1EURO1; INV5051421EURO1;204
1BASA1; INV5051BASA1;3
6MPE1; INV506306MPE1;4
1EURO1; INV5064061EURO1;195
1AMEI1; INV506921AMEI1;28
1ESCON; INV507181ESCON;1
1EURO1; INV5072391EURO1;549
1HHC01; INV508231HHC01;1
1BIST1; INV5084991BIST1;2
1HMOR1; INV509011HMOR1;2
1ING01; INV5097471ING01;673
1BAH02; INV51061BAH02;38
1STA01; INV5108051STA01;1
1DELV1; INV510861DELV1;3
6AUB01; INV510996AUB01;1
1UMATR; INV5110601UMATR;31
1QUE01; INV5114011QUE01;173
1EURO1; INV5117341EURO1;187
1EURO1; INV5118561EURO1;194
1SALD1; INV5120681SALD1;91
1BUQ01; INV512191BUQ01;6
1HERMO; INV512641HERMO;1
1TSUR1; INV5129951TSUR1;55
1LDUN1; INV5140091LDUN1;2
1LDUN1; INV5140131LDUN1;3
1EURO1; INV5153991EURO1;198
1ING01; INV5157821ING01;199
6HARYL; INV516166HARYL;8
1CAN06; INV5171981CAN06;2
1EBISU; INV5175701EBISU;155
1ING01; INV5177811ING01;194
1EURO1; INV5181351EURO1;187
1LOPET; INV51841LOPET;1
1MCTB1; INV518421MCTB1;170
1PEN01; INV5186231PEN01;188
1EURO1; INV5186491EURO1;197
1QUE01; INV5186991QUE01;193
1VBA09; INV5188131VBA09;2
1BIST1; INV5190441BIST1;56
1TWOH1; INV519411TWOH1;3
1EURO1; INV5195791EURO1;192
1EURO1; INV5202851EURO1;197
1EBISU; INV5210471EBISU;73
1EURO1; INV5221341EURO1;160
1EURO1; INV5225141EURO1;153
1ALAM3; INV5230641ALAM3;2
1FAX01; INV5233591FAX01;1
1CAUC1; INV524021CAUC1;2
1QUE01; INV5246591QUE01;194
1SALD1; INV5257541SALD1;114
1LAN03; INV5258381LAN03;2
1STA01; INV5270971STA01;44
1PIR03; INV52761PIR03;1
1FAX01; INV5279721FAX01;2
1ING01; INV5283411ING01;129
1EBISU; INV5288071EBISU;6
1VICU3; INV52891VICU3;8
1ING01; INV5290281ING01;287
1RDC01; INV5291871RDC01;1
1CCAN1; INV530141CCAN1;3
6GUAY1; INV53016GUAY1;150
1ALB01; INV5307261ALB01;43
6RECH1; INV531146RECH1;1
6MOGI1; INV533526MOGI1;49
1INT03; INV5358941INT03;140
1BUQ01; INV5360221BUQ01;5
1NHCOL; INV536041NHCOL;1
1KIZE1; INV536381KIZE1;10
1PARK3; INV536411PARK3;22
6MIC2; INV537596MIC2;2
1ACE04; INV5388941ACE04;183
1INT03; INV5401921INT03;171
GALA3; INV54209GALA3;11
6SOL01; INV542586SOL01;107
1BALC2; INV542781BALC2;4
1VANS1; INV5431VANS1;16
1EDE01; INV543931EDE01;10
1BRUG1; INV544291BRUG1;1
1JAR02; INV5443681JAR02;2
1BIAGM; INV54511BIAGM;7
1LIMAT; INV547241LIMAT;6
1ALB01; INV5478411ALB01;36
1PEPER; INV5481PEPER;62
1ALA01; INV5490371ALA01;1
1COSR1; INV549351COSR1;3
1DUB88; INV549371DUB88;21
1CORIA; INV5511CORIA;46
1LIMAT; INV5519841LIMAT;90
1ING01; INV5526951ING01;202
1KEN03; INV5528821KEN03;3
1EURO1; INV5532001EURO1;195
1MERC1; INV553331MERC1;57
1EURO1; INV5543601EURO1;177
1SALAM; INV554991SALAM;2
1ING01; INV5551831ING01;56
1ING01; INV5556421ING01;441
6CRI02; INV55616CRI02;22
1VCAF1; INV55641VCAF1;64
1ING01; INV5567901ING01;504
T200; INV5572T200;7
1EURO1; INV5575941EURO1;172
1QUE01; INV5589481QUE01;175
1SALD1; INV5592971SALD1;113
1QUE01; INV5602511QUE01;190
6WILD6; INV56136WILD6;48
1CLUF1; INV56251CLUF1;2
1INDI1; INV562651INDI1;2
PEAPO; INV5637PEAPO;11
6SOL01; INV564066SOL01;50
1QUE01; INV5650441QUE01;178
1ESP07; INV565441ESP07;2
1EBISU; INV5660711EBISU;2
1ESLAC; INV56811ESLAC;4
1UMATR; INV5690861UMATR;136
1DAZPM; INV5696621DAZPM;1
1DES01; INV572451DES01;10
1FAX01; INV5724581FAX01;1
1ORL01; INV572591ORL01;1
1UMATR; INV5739851UMATR;966
6WILD6; INV576286WILD6;183
1EURO3; INV5773831EURO3;3664
1PISAN; INV577401PISAN;55
6LOR1; INV578196LOR1;1
1BIST1; INV5787851BIST1;3
1EBISU; INV5788771EBISU;1
1EBISU; INV5788871EBISU;2
1KEN03; INV57921KEN03;5
1VCAF1; INV5801991VCAF1;87
1BINA1; INV580561BINA1;1
1NHU05; INV58191NHU05;1
1UMATR; INV5826661UMATR;10
1STA01; INV5837881STA01;24
1CHA99; INV58381CHA99;7
1BARAV; INV58441BARAV;9
1BIST1; INV5862971BIST1;1
1REFTE; INV58681REFTE;20
1DCC01; INV5881171DCC01;62
6MARG1; INV589806MARG1;1
6QLAR1; INV5903976QLAR1;22
1ING01; INV5908421ING01;200
1FRES8; INV5909511FRES8;2
1EURO1; INV5913561EURO1;190
1BIST1; INV5924641BIST1;1
1EURO1; INV5935111EURO1;221
1EURO1; INV5935381EURO1;779
1EURO1; INV5935891EURO1;296
1PAN05; INV597371PAN05;22
6GUAY1; INV597826GUAY1;153
6HUB01; INV59796HUB01;3
1HAED1; INV59891HAED1;42
6FROS1; INV60346FROS1;17
6MMREP; INV605146MMREP;1
1CEGU1; INV606791CEGU1;1
1ETP01; INV608561ETP01;10
1ALIS1; INV61111ALIS1;23
1APRI1; INV61131APRI1;43
1KOIA2; INV61431KOIA2;2
6GUAY1; INV616556GUAY1;22
1VCAF1; INV617141VCAF1;41
6HOUS1; INV618326HOUS1;303
6PED01; INV621226PED01;27
1QUE01; INV621271QUE01;195
1SEJZ1; INV62161SEJZ1;18
6PSE1; INV62406PSE1;15
1BRIZ2; INV626531BRIZ2;9
1HAPO2; INV629731HAPO2;1
1DES03; INV63141DES03;11
1LOI88; INV63151LOI88;6
1MINE1; INV631691MINE1;52
1DES03; INV633341DES03;2
1ALVIC; INV6341ALVIC;6
1SALD1; INV637171SALD1;46
1BAH02; INV642621BAH02;2
6ABA01; INV643056ABA01;1
1HIL01; INV64441HIL01;3
1GREY1; INV645871GREY1;2
1CHEZ2; INV646601CHEZ2;1
1VEN01; INV646831VEN01;23
6HOUS1; INV646996HOUS1;319
1MEIG1; INV6491MEIG1;18
6SOL01; INV653856SOL01;84
6JARV1; INV654656JARV1;2
6ORN1; INV659526ORN1;16
6EVA1; INV66046EVA1;15
1HER66; INV663881HER66;2
1CLCO1; INV66991CLCO1;21
1VEN01; INV671211VEN01;96
6GBLP1; INV671626GBLP1;3
6SOL01; INV672896SOL01;204
1CAPP3; INV673371CAPP3;29
1CAFEA; INV68621CAFEA;18
1THOMA; INV68971THOMA;25
6SOL01; INV689876SOL01;242
1JOU01; INV69031JOU01;18
1EDE01; INV692211EDE01;1
1MCTB1; INV692311MCTB1;32
1TSUR1; INV693011TSUR1;7
6GUAY1; INV69506GUAY1;179
6SCO01; INV696406SCO01;4
1TURAC; INV699981TURAC;113
1NOV99; INV7011NOV99;17
6SOL01; INV702806SOL01;187
6JESU2; INV703016JESU2;4
1MIRA2; INV70441MIRA2;8
1NHT01; INV70721NHT01;11
1AGR02; INV708461AGR02;42
6ADE01; INV708866ADE01;4
1DCC01; INV710371DCC01;26
1REUSH; INV71221REUSH;73
1BEPA1; INV71231BEPA1;15
1REFTE; INV71261REFTE;20
1NATI1; INV71401NATI1;13
1MCTB1; INV714141MCTB1;1
6SOF1; INV71606SOF1;4
1URBA3; INV71791URBA3;2
1TRIP9; INV724651TRIP9;1
6DTH01; INV72526DTH01;7
1CCAN1; INV725551CCAN1;1
6LJR1; INV736LJR1;10
6WILD6; INV742126WILD6;226
1HER66; INV745551HER66;2
6OVE1; INV74676OVE1;18
6ORN1; INV74696ORN1;18
1QUE01; INV750261QUE01;226
1HIE09; INV751091HIE09;423
6IRE1; INV75416IRE1;8
6SOL01; INV757216SOL01;509
1MINE1; INV758701MINE1;38
1ROD03; INV764801ROD03;3
1REFTE; INV76621REFTE;20
1SALD1; INV767431SALD1;26
1PPROF; INV768411PPROF;17
1REFTE; INV77101REFTE;20
6ASP1; INV77276ASP1;24
1TURAC; INV778451TURAC;1
1BEPA1; INV780011BEPA1;7
1HER66; INV780831HER66;2
6CALA1; INV78246CALA1;3
1ADSM1; INV783101ADSM1;4
1REST3; INV785731REST3;1
1AMEI1; INV787171AMEI1;6
1VCAF1; INV787241VCAF1;1
1ZIEG1; INV78871ZIEG1;80
1VIALE; INV791911VIALE;18
6MUB01; INV792746MUB01;20
6ECO01; INV79326ECO01;8
1SALD1; INV797631SALD1;29
1DCC01; INV799611DCC01;6
1AME11; INV800571AME11;4
6TAB1; INV804596TAB1;6
1LLOFR; INV804601LLOFR;19
1LHBA1; INV80891LHBA1;20
6GUAY1; INV811276GUAY1;19
1DAZPM; INV811311DAZPM;20
6GUAY1; INV814036GUAY1;164
1ALV01; INV81511ALV01;21
1DES01; INV815671DES01;66
6LESPA; INV81856LESPA;6
6SOL01; INV81956SOL01;47
1GIAG1; INV81GIAG1;157
1MCTB1; INV823501MCTB1;34
1BRUG1; INV823511BRUG1;7
1DEKUM; INV823571DEKUM;32
6CHAL1; INV823726CHAL1;3
1ELMAN; INV824131ELMAN;1
6NOBI1; INV824166NOBI1;3
1KIZE1; INV827491KIZE1;35
1FSM01; INV83031FSM01;5
1HOWL1; INV831751HOWL1;2
1KIZA1; INV831KIZA1;2
1GOUR2; INV832191GOUR2;37
1EURO9; INV841431EURO9;13
1TRIP9; INV84151TRIP9;53
1SANT5; INV842121SANT5;13
1UESH1; INV843321UESH1;16
1ROD03; INV844281ROD03;1
1VIALE; INV848591VIALE;13
1BUQ01; INV848861BUQ01;3
1AMES2; INV850721AMES2;2
1ALA01; INV852221ALA01;15
1WEISS; INV852441WEISS;1
6SOL01; INV852596SOL01;53
1VAL88; INV854521VAL88;1
1DITO1; INV856291DITO1;11
1EXPE1; INV85651EXPE1;34
1NIB01; INV85661NIB01;19
6VOXN1; INV857356VOXN1;4
6SOL01; INV858826SOL01;348
6GUAY1; INV85956GUAY1;179
1ELMAN; INV861001ELMAN;3
6LSTR1; INV861546LSTR1;3
6AGINO; INV863956AGINO;1
1MAD01; INV864111MAD01;1
1MAIT2; INV864591MAIT2;2
6VIAB1; INV867726VIAB1;132
1BEPA1; INV87261BEPA1;17
1ORTRP; INV873321ORTRP;1
6IGL1; INV878936IGL1;3
1HMG01; INV88391HMG01;2
1INT03; INV885201INT03;77
6AMDA1; INV886466AMDA1;3
6NAT1; INV890586NAT1;6
1FUEG1; INV895791FUEG1;19
1CPHO1; INV900511CPHO1;4
6SOL01; INV901426SOL01;31
6PIA2; INV90286PIA2;4
1TOMO1; INV906991TOMO1;4
1ROD03; INV907461ROD03;77
1LAN04; INV907761LAN04;2
1BVIK1; INV908091BVIK1;2
6NGE1; INV91216NGE1;3
1LSTR1; INV91281LSTR1;15
6SCO01; INV91306SCO01;20
6NSC1; INV91336NSC1;15
6CRU01; INV91466CRU01;10
1ROD03; INV916931ROD03;16
6LAU1; INV91796LAU1;20
1REFTE; INV92531REFTE;20
1ROD03; INV929471ROD03;64
1ESP06; INV93391ESP06;10
1GOUR2; INV935571GOUR2;10
1STA88; INV9401STA88;2
1EST01; INV942201EST01;1
1TEM01; INV943831TEM01;163
6LAAN1; INV94816LAAN1;2
1TAJ01; INV948401TAJ01;1
1TANDO; INV948471TANDO;1
1NUSS1; INV94931NUSS1;5
6SOL01; INV952156SOL01;92
6WILD6; INV95226WILD6;200
1AME17; INV955701AME17;1
1VCAF1; INV958541VCAF1;2
1GOUR2; INV959611GOUR2;11
6LAU1; INV96476LAU1;17
1PERL1; INV96531PERL1;9
6ORN1; INV975196ORN1;15
1ZAMP1; INV97581ZAMP1;14
1UMATR; INV97851UMATR;195
1MIR02; INV98561MIR02;17
1BARAV; INV986201BARAV;36
1UMATR; INV988901UMATR;9
1GOUR2; INV994141GOUR2;1
6PEÑ1; INV99566PEÑ1;1
1UMATR; INV998321UMATR;199
#N/D;(en blanco);
#N/D;Total general;121489
